1.207888371469817423e-01,1.859513350826337286e-01
3.456806566128148295e-01,-5.820860555187029606e-02
4.881268505065472496e-02,-7.418024646229431918e-01
7.744439690489995920e-02,-7.706767482430578742e-01
1.169074738783379974e-01,1.894706350312211907e-01
1.121378709194176815e-01,1.936555794913181194e-01
1.695800230410711706e-01,9.065318792934912162e-02
6.702442158348365098e-04,-6.158918990930473125e-02
1.323063914253062578e-01,1.744446309560265251e-01
-7.315262645490455684e-02,3.698709160896478942e-01
-7.296920157629499526e-02,-6.202630413367196116e-01
1.174956705759201969e-01,1.892517502226280235e-01
9.978487004613395550e-02,2.065928330277606029e-01
2.961290541845875701e-01,-1.186124047225267653e-01
-4.679175061812412828e-02,3.183149254701972408e-01
-4.141084391103372342e-02,-6.513270922672673713e-01
2.814501203203018109e-02,2.769988944645643270e-01
-3.656314661532755750e-02,3.378875460202918068e-01
9.783633791647766698e-02,2.089054193395078474e-01
4.673990807376410261e-02,-7.397515805662981947e-01
-3.420454529366229179e-02,1.175988312378190570e-01
1.538010128841205137e-01,1.529466591154624577e-01
1.743287088054638612e-01,1.324017493674248258e-01
2.003185464091536416e-01,9.842745615164277817e-02
1.148638489917042649e-01,-7.128726626696986202e-01
-7.356891134731219362e-02,-6.196634391861879365e-01
-7.460345149461461434e-02,-5.430974752381043658e-01
-5.790936784834059825e-01,-1.130813868255901022e-01
2.619753002674320985e-01,-4.967288544351170509e-01
9.899251072995318701e-02,2.077024108187732754e-01
1.268966640896569409e-01,1.798552302087118582e-01
1.144847916946103439e-01,1.921835497638364476e-01
-6.262070318413939241e-01,-6.702532037300934498e-02
-4.227892165317473916e-01,-2.563509201938865001e-01
1.962620275108237777e-01,1.065598961087863561e-01
2.403975961824051932e-01,-5.294851759270968738e-02
-2.273609426829457103e-01,1.898960790788829511e-01
2.166124913349832259e-01,8.955318181492349927e-02
5.632680820596891458e-02,2.468492928499942396e-01
1.020297017470815359e-01,2.047166598721855135e-01
-8.401591602231389677e-02,-6.092144009917503933e-01
3.537836954905447251e-01,-1.676874105066947229e-01
1.692059921843324100e-01,1.309752345642355431e-01
-2.329641775448400010e-01,-3.186908596545575678e-01
-8.063289654540877205e-01,1.137045690666246278e-01
1.248288868247016126e-02,-7.057152409866052079e-01
1.680062002255117148e-02,-7.100318982831133052e-01
1.093290192150745965e-01,1.972413162393647501e-01
1.645625697718605118e-01,1.421826217808644377e-01
2.050075609486905481e-01,1.016612969253097853e-01
-7.095469570173746909e-01,1.631857720179374915e-02
-1.489974175083513819e-02,2.766666156203927973e-01
1.242971020871879717e-01,1.824237403406972491e-01
1.727831439309595596e-01,1.337275433073294439e-01
-6.649910255185729202e-01,-2.824058499977599723e-02
3.081132923974039262e-02,1.747169861552145820e-01
1.199746290802020110e-01,1.867799477256400498e-01
1.369352378027162143e-01,1.698106157246902503e-01
1.233240065977526112e-01,1.833795015359858671e-01
1.263067563436660601e-01,1.804488334497906799e-01
-4.106457545388242369e-03,3.102081759229789459e-01
2.747374545416009228e-01,-1.188082855563336038e-01
5.117230348191231792e-02,-5.421507222274082327e-01
-4.007898737376924814e-02,6.584809121731627357e-02
2.419131602390600655e-03,3.037316166057970612e-01
3.533580228174370008e-01,-6.648310224329656570e-02
-2.241584102918148247e-01,-3.978490104756722268e-01
2.608547566876182056e-01,-4.228807014792779206e-04
5.523492920525785443e-02,-7.484610804385845029e-01
7.697126787647351476e-02,-7.699532504716100068e-01
1.095148841376996640e-01,1.963997863430982371e-01
-5.035205342717989918e-01,1.490146028421538427e-01
-1.832796187218577733e-01,-4.577752470684522401e-01
8.787291977563044254e-02,2.184957741194556990e-01
1.933801115400480275e-01,1.131718859785277309e-01
-2.271767856949990505e-01,-4.658138366206553971e-01
-1.256117465817314094e-01,-5.676095307328250517e-01
-4.595735043813102827e-01,3.320237683702779163e-01
1.044680356109131125e-01,1.999636762194443307e-01
9.985142741834529545e-02,2.068953551396010004e-01
-4.540478263287403560e-01,-1.475140575394430775e-01
1.383581018720881350e-01,1.639703565727791967e-01
3.159482633364379955e-02,2.747524733748458181e-01
-2.770172078050869846e-02,3.327630725540037249e-01
1.112921874545372281e-01,1.953989822604288995e-01
1.040975282957475323e-01,2.025699898615629935e-01
-7.856003355315057668e-01,1.172653043113407456e-01
1.332051220483842502e-01,1.735499213111522665e-01
8.118325253545227715e-02,2.255370186766660345e-01
1.170181519871627551e-01,1.894010854573613956e-01
1.296593966990683411e-01,1.740915055739601369e-01
-7.513889251861693985e-04,3.065966211118232310e-01
3.023722641087316365e-01,-1.127377548916445038e-01
4.442103654216411623e-02,-6.147248411752864738e-01
1.280880476215959796e-01,1.786703586381596098e-01
-1.653004968221315762e-01,4.046514644922160064e-01
-6.719678316148489094e-02,-5.631518904926762215e-01
-3.612663946747988741e-01,-3.319659542499771576e-01
-4.733060043296027919e-02,3.301087597930863482e-01
1.215245798381368592e-01,1.828819334729525070e-01
1.046036186912259192e-01,2.017625415549035850e-01
1.112394046996219577e-01,1.921198781673440492e-01
6.466968384861437880e-02,-7.578908229018415099e-01
1.617179588765421672e-02,1.887567450810651581e-01
1.146595785471304363e-01,1.920063811378791008e-01
3.550386632899343864e-02,2.679105853184901576e-01
6.049658646833577791e-02,-7.537289346369839826e-01
1.264149097077260087e-01,1.803443862527936425e-01
1.341413244439241259e-01,1.726161939813455337e-01
-3.250518238904039348e-01,-3.681805284137335543e-01
-3.033644668793089583e-02,3.231635002505731658e-01
-3.890207245268558767e-01,-2.497671146603432923e-01
-7.309785462168310044e-01,3.774898188530861898e-02
1.046949412128453383e-01,1.326117026923446240e-01
-2.182414715422082430e-01,-2.803957308359992795e-01
-9.801343683680857621e-02,3.646443732107888525e-01
1.254957173374171564e-01,1.812471247698904664e-01
8.111959467854484851e-02,2.255737433817688875e-01
-7.432990959457885793e-01,5.785071494492932676e-02
8.599480137650428180e-02,2.207321031461999539e-01
-1.869007823874212215e-01,1.766750114811260486e-01
7.881771307474216837e-02,2.274216507909854190e-01
1.343002169021828562e-01,1.699493028241847448e-01
2.987223278130739512e-01,-8.576331166935957651e-02
-2.031382140624087007e-01,-4.900941382208223729e-01
8.348407644041677678e-02,2.232470403059819697e-01
8.048032791284337462e-02,2.261230225984863229e-01
1.190803878695843032e-01,1.876026587302452864e-01
1.021847444971116792e-01,2.039528989657093394e-01
7.053496425624361521e-02,1.973122452117100911e-01
-1.737320775519695937e-01,3.792010393247178257e-01
2.200428750951249901e-02,2.794091766362609142e-01
8.022552969716495452e-02,-1.336086841819498772e-01
5.636198791209146020e-02,-7.495835594743135433e-01
8.888239747816434333e-02,6.945644040419568510e-02
1.118570184207062779e-01,1.948468348581727794e-01
5.903985591704846714e-02,2.415660107733512141e-01
-1.107613705642301882e-02,3.150734746194085445e-01
8.627811479893732205e-02,2.199342441028310224e-01
3.549965935482263246e-02,2.341906568860254167e-01
1.419242035833115922e-01,1.554246040397165851e-01
7.714387042761366997e-02,-7.700242850115908144e-01
1.423960470482305007e-01,1.587509980954079358e-01
3.672486732923364583e-01,-3.283415660006042680e-01
2.194508076965152044e-01,8.449945212177806253e-02
2.050026372036034550e-01,6.588839677675240036e-02
1.094041484415458898e-01,1.966290849533566254e-01
2.202638216176686092e-01,8.227360257808319366e-02
1.181971627824709437e-01,1.884734507547329851e-01
1.564257468008152241e-01,1.503238087065184025e-01
2.256912434241714616e-02,2.838776699880217191e-01
-4.034937474664501145e-01,-2.301603341684837489e-01
-5.440845272400074428e-03,2.913253981375966140e-01
1.275917983079153939e-01,1.791441602815193046e-01
-2.317726218955928896e-02,3.064841689385622292e-01
-4.893121420440942893e-01,-2.039189419012905069e-01
1.242923445030399976e-01,-6.778349963997707395e-01
2.341294220110538005e-01,6.904963765231841855e-02
-2.340064193618718313e-02,-6.698317102557609370e-01
-1.984934826112694228e-02,-5.993003993768984961e-01
3.030330813335124773e-02,2.493622577733201062e-01
1.034031862358349430e-01,2.032747033346838372e-01
8.162913817223566015e-02,2.249107682412750386e-01
1.815579548794092335e-01,-3.677090057571746895e-02
-8.042472227213786073e-01,1.110186636633975210e-01
1.427837492657740293e-01,1.639717137311674233e-01
1.266651896026699253e-01,1.800924743099155956e-01
-2.073354580551467485e-02,-6.660198741359358854e-01
1.865224479997107943e-01,6.922015449388735364e-02
1.146549449645996033e-01,1.920991129961553412e-01
8.907156201557736575e-02,2.163635124735422965e-01
1.203265607542698401e-01,1.863845117260576334e-01
-8.072534515979262748e-01,1.140245176866756527e-01
1.561335550402129790e-01,1.506149577820616869e-01
-4.245228663314407624e-01,-2.663738102762863713e-01
1.540847894545375185e-01,1.526654668421530969e-01
-6.422859364816080330e-01,-5.094640811553430293e-02
7.323382376464371291e-02,-7.465337960350967306e-01
6.116464809647031986e-02,-6.912964301696848946e-01
1.115096633909158919e-01,1.952442499195368719e-01
1.144434230181970436e-01,1.916145669568823373e-01
-5.380825722607091022e-02,-6.253319425836101342e-01
-5.517543861363738422e-02,3.571101059752215257e-01
6.215792407642523054e-02,2.445372479840725588e-01
4.906932620696430325e-02,-6.342824321439952673e-01
5.422065307013596014e-02,2.512078799059359047e-01
1.829203907753503833e-01,1.237931037219196506e-01
1.016291938787967086e-01,-5.630073146546938911e-01
1.141468961416087780e-01,1.924896555613871962e-01
8.108932718297251485e-02,2.255983215071827863e-01
-2.774754083040134045e-01,3.755394435997421176e-01
1.966480403456843939e-02,2.848150337824406075e-01
2.066988768571818569e-01,9.996632474756411701e-02
-5.310197949708000964e-02,3.289450439489848832e-01
2.425539835862910998e-02,1.283243548005122969e-01
-1.116547802312861659e-02,-6.177516882307846346e-01
-3.333372265414193403e-01,-8.248736089886909983e-03
-4.228132818440927254e-02,3.354772228754528407e-01
-2.444291858470715173e-02,-6.686699779869884619e-01
2.070729485276821547e-01,9.940545821919971603e-02
-1.186027421493268674e-02,3.161012136593362443e-01
4.703788583877521745e-02,2.471095775927135696e-01
-3.791693306408611686e-01,-3.140630192315141955e-01
-7.805536331942453110e-01,8.732129029067692283e-02
-4.724234073454942617e-01,2.615436892784795964e-01
1.459791305580753762e-01,1.118669703247972547e-01
-1.084888744638802804e-01,2.336087577746955302e-01
-8.061699205825585413e-01,1.129375898431184133e-01
1.228999427500906960e-01,1.834294428821204304e-01
3.111138912947131185e-02,2.666560037577112574e-01
1.709861947187424347e-02,-7.051951088492456332e-01
-6.793465853666131871e-01,1.805345012563513984e-01
9.885050308450116230e-02,2.078806166321448545e-01
2.174621650278247276e-01,6.435298419018226079e-02
3.477227688140519524e-01,-3.554395600210314976e-01
1.729790713894505116e-01,7.612818311312280484e-02
9.815219560096544171e-02,2.004054351231907560e-01
3.901655740706277964e-03,1.769504150816519905e-02
-1.055172115035785119e-01,-2.249979488652622539e-01
8.338530788043629904e-02,-2.608069022706094309e-02
9.961580109747697476e-02,1.923885048523253372e-01
1.166155151904517129e-01,1.886984027976009171e-01
1.407831308679827198e-01,1.659726995334622202e-01
7.409121168088939058e-02,2.263169486182829981e-01
2.559121656549268042e-02,2.768451684299542137e-01
-1.981637363008363351e-01,4.190851936819612322e-01
1.350149021543722849e-01,1.717414840256205055e-01
2.387435953055732640e-01,2.736341970536021462e-02
-1.753744573859805644e-02,-1.345399896194223732e-01
-4.624593812198463105e-02,3.489358470011245661e-01
1.155471769159216455e-01,1.911334968976770021e-01
-5.038758966241024817e-02,2.290498533573790962e-01
8.653612092489504359e-02,6.964404970799908945e-02
1.190756239237408254e-01,1.876768267913254684e-01
1.026858112191956218e-01,2.034866709372938898e-01
1.147072285847567374e-01,1.920316827584933050e-01
1.040638097393822847e-01,1.969956741707167835e-01
8.308668873532537580e-02,-9.129339119473373065e-02
-7.914577686434610682e-01,9.822575302158509380e-02
1.165848536385419854e-01,1.896087972826583368e-01
1.171459134539416524e-01,1.886676664869970654e-01
3.117909461468765242e-02,-7.244114469188251970e-01
3.336921860510240756e-01,-2.492548027458743598e-01
1.800152333114517500e-01,1.263239137624837527e-01
3.107976243035170949e-02,-7.236073653197189204e-01
-4.236312637132250147e-02,2.322352110305763717e-01
4.273555437808379542e-02,-7.359671504504852191e-01
-5.465789459471805944e-01,4.385744059465568334e-02
-6.816111291977955400e-03,-5.134224596528327300e-01
-6.218222214215844978e-01,-5.533148472425530873e-02
1.047016213110109062e-01,1.994817340923761284e-01
3.332872565662456932e-01,-3.911980597100028767e-02
2.244605490883040955e-01,8.201318514016814332e-02
8.080312601597272604e-02,2.256149421985899073e-01
-2.690468334245956217e-01,1.372937130227054880e-01
3.268557836950081175e-02,-7.190192036576600332e-01
1.165847592727451976e-01,1.901587359745395278e-01
1.493612495884514835e-01,1.542958645765927783e-01
1.191701528865772852e-01,1.860380299682261596e-01
2.963011759009307466e-01,-6.587776524384914012e-02
-1.056853186860362559e-01,1.319421388456138988e-01
-4.804193728483154846e-01,-1.936530857911853420e-01
6.609086058359914251e-02,-7.516815439202120253e-01
-5.928288764435440950e-02,3.566263712143449283e-01
-4.622352568088612390e-01,-2.309795850667459849e-01
-5.641264616163677026e-02,-6.368197044344674485e-01
1.742438162986760242e-01,1.324036256649946397e-01
-7.645949514773311417e-01,7.136259969448843776e-02
-5.347175038010160142e-02,3.320563063878267385e-01
-2.299557658287593176e-01,-4.258681873977382404e-01
1.295674231539294396e-01,1.771906758408546834e-01
6.849392781542140707e-02,2.379639125458463678e-01
9.228427152690049651e-02,2.144585665261658503e-01
1.784733672841882224e-01,1.282560279312670581e-01
-4.196621849439414742e-01,-2.720338472682232167e-01
1.158300935390752517e-01,1.908731599484848607e-01
-1.664093547800752915e-01,-1.618851958200481778e-01
1.020583639434077261e-01,2.044607976452162967e-01
-1.487456230671687085e-01,2.899429170730381533e-01
6.948521560190823454e-03,2.681092649289872898e-01
1.038097519484673104e-01,-3.473614829479139132e-01
7.909070672555401638e-02,2.260118648379430550e-01
1.163353549319236513e-01,1.903924757563297265e-01
1.524646590455304707e-01,1.516339280117636190e-01
2.764777389873266378e-01,1.031882007441997651e-02
-1.204282445109180200e-01,3.181843985581792600e-01
9.128433064066687752e-03,-7.023371067036225934e-01
-2.026207674731231312e-01,-4.504613563413965571e-01
-7.932911098096020464e-01,1.001792439442786842e-01
1.488489546317482981e-01,1.578993065394446171e-01
1.163043005387922602e-01,1.904275770624368480e-01
1.171197709575961254e-01,1.896279845057205482e-01
2.285194558288695665e-01,7.724609134474746952e-02
1.433067896591372903e-01,7.827386966908506105e-02
-7.108328611139722586e-01,1.114017050004870724e-01
1.132246112675573957e-01,1.932949994612081501e-01
-4.853932750218572512e-01,-1.614094493494062643e-01
-2.770736113038319015e-02,-6.655249901695196035e-01
1.621290967938836536e-01,1.446149669617502465e-01
8.605843771235038853e-02,2.071676166911017858e-01
-7.913799763984380453e-02,1.759675796034824713e-01
-8.329459749796819246e-02,-6.045980490498817916e-01
1.035506142203476698e-01,2.030439705830403008e-01
1.094454086402208426e-01,1.973077041941089793e-01
6.831943193526257563e-02,-7.509121884972139727e-01
-8.315456819270022892e-02,-1.781354493833550712e-01
1.073903487264109557e-01,1.992857611182989874e-01
1.139246914807288680e-01,1.928242110607409354e-01
-5.315220925321600953e-02,3.553299785668642685e-01
1.245509419970258214e-01,1.811847049589087599e-01
-1.701741494362238316e-02,-4.952063064121698943e-01
-5.566883362526248158e-02,3.162971041304378228e-01
1.133178317539806912e-02,2.871950993401691798e-01
8.843498642770236673e-02,2.154217060693749963e-01
-3.197795956348630786e-01,-1.866221233206180607e-01
2.089287767878612034e-01,7.669315025461770352e-02
-2.638580932594153383e-02,-6.668385171996984440e-01
4.722257140518087981e-02,-7.380161356004533157e-01
-2.767943733224153546e-01,-4.152892476267335264e-01
2.064843547063128226e-01,-1.226670984391112218e-01
-2.007269659312944099e-01,-3.652321324707347716e-01
1.124627300581317879e-01,1.938319523743221584e-01
1.135293639067592175e-01,1.931054758499797797e-01
1.304440752059071729e-01,1.743726005136596591e-01
9.874639839715876333e-02,2.079945376534688140e-01
7.695818069281701312e-02,-7.691216820426826084e-01
1.274949410451082232e-01,1.792620795426679847e-01
-2.876005791849504667e-01,-1.003236853896259384e-01
2.251718426948578489e-01,6.973117830527336691e-02
-7.429623166654777400e-01,4.972996508579252684e-02
1.654986263498381405e-01,1.534380774120602808e-03
3.481201092890204851e-01,-1.147080844150193402e-01
8.595413949118946295e-03,-6.993422594820528637e-01
9.696068848535205342e-02,2.097699416754089108e-01
-8.251862260474973620e-03,-6.846302148269156618e-01
2.088462589212677911e-02,-3.293331066870747170e-01
-6.638713410130945292e-01,2.246362222762354754e-02
7.790450772126750190e-02,-7.702378281517530123e-01
2.494177607816255859e-02,-7.181585455077559299e-01
1.767344388581958969e-01,1.177571325563751548e-01
3.108702122735564899e-01,-5.670525447955288012e-02
-1.433594824733750994e-01,-5.485125835458879440e-01
6.716025983648027387e-02,2.355849021034094881e-01
1.703279280253476302e-01,1.310950498951831134e-01
1.506643445657215308e-01,1.560880295122946126e-01
1.519969766958932378e-01,1.547429845409661886e-01
4.579499573521450539e-02,2.564192344170768134e-01
7.773882795914982546e-02,2.090483970688113424e-01
7.560345373527660451e-02,2.311145172802167580e-01
1.116102187330476059e-01,-5.776632610132650392e-01
-8.832476837163505401e-02,2.359233662450137547e-01
-7.392897269329889998e-02,-6.160067100771479121e-01
-3.310322546098481977e-02,1.582864897470913079e-01
1.296510771371600645e-01,1.771064590949837925e-01
2.154376805905039993e-01,8.710472655283335586e-02
2.104379480593137619e-01,-4.003113411387648757e-03
-2.002650527367171862e-01,5.682097831667437537e-02
3.776308505280048800e-01,-1.306946042361156191e-01
-6.371568773161645494e-01,-5.607547371121068824e-02
1.300049737692913210e-01,1.767520771009160052e-01
1.637973189853484390e-01,1.429404679676149481e-01
-7.960011285832684358e-01,1.178387666902906972e-01
-9.178694442222040673e-02,-6.014438182190309234e-01
1.072448837261556487e-01,1.992937690033374509e-01
5.797626591514928873e-02,-4.081660578707160258e-01
9.337350021206780593e-02,2.131032698701924577e-01
-4.069218226850949138e-01,-4.337151532611938087e-02
1.548204728561367594e-01,1.337523370945298273e-01
9.726722455914604826e-03,-7.029390550675864713e-01
1.747855817637084530e-01,1.319066371972950624e-01
2.252088303157090965e-01,8.135155987286418755e-02
-7.729732679163346942e-01,7.975006198268108637e-02
1.845985880843187266e-01,1.214300400930624635e-01
-5.213160655991389003e-01,-1.688384122489207106e-01
1.309815224133948353e-01,1.757727052849963889e-01
1.040946317361801099e-01,2.026528016007373423e-01
-9.212550574436589867e-02,-5.989754268405305115e-01
-7.976844699118810222e-01,1.044538395010705667e-01
-2.781753816590062933e-01,-4.057664087764695782e-01
-1.277919720295047912e-01,3.323692912203004557e-01
1.091475395435819729e-01,1.975986067533127000e-01
-8.005620314574301011e-01,1.073325222721434047e-01
4.851274402123434415e-02,2.189213960781690171e-01
-1.952798403644196434e-01,2.008478934465763310e-01
1.669137257383920825e-01,1.398252419748178821e-01
7.750225953871864304e-02,-7.707345425096954195e-01
1.656095792708884296e-01,-3.988979794917639210e-01
-1.312410471212172025e-01,-5.615360900039068071e-01
5.333080791716166003e-02,-7.465631576910303213e-01
1.521888560790173872e-01,-1.133614249905047777e-01
1.275525232590644098e-01,1.754462371996848846e-01
1.115466805862355693e-01,1.949973318964187130e-01
1.130583245512127299e-01,1.935833008283785461e-01
1.231278777522669676e-01,1.836050429998531408e-01
1.092824667516079096e-01,1.974705455970428014e-01
7.441914157561163590e-02,-7.619545851636928546e-01
1.186407179276461887e-01,1.688935584105680787e-01
-5.387262012763225361e-01,1.044005657909846674e-01
1.425213060656741471e-01,1.615388293545485521e-01
1.076131370994025671e-01,1.816316221772052986e-01
1.514367605270669492e-01,1.553106890876430612e-01
1.101633681018419630e-01,1.965625881456032897e-01
-7.606955180594948684e-02,-1.174100014991555363e-01
2.044870132320796841e-01,9.783798818378036666e-02
-1.525565908058921782e-01,3.450766735879045588e-01
7.069897762425397802e-02,2.357716092586031320e-01
-4.712753144318510001e-02,-2.000572391185087562e-01
1.531392929214695497e-01,-1.031715777991014660e-01
2.234259609345412567e-02,-4.874449441552786144e-02
1.242780929718064753e-01,1.824668699273620520e-01
1.563292760610136001e-01,1.504204208309368185e-01
1.096902785692585591e-01,1.969858076343501962e-01
2.052286917643153519e-01,1.014180671171468484e-01
7.945011027322701480e-03,-7.011773633314601906e-01
1.971463021154874484e-01,1.011658698779176468e-01
-2.137938215305273948e-02,3.243397155628534034e-01
1.568914021394690050e-01,1.059332820477886794e-01
1.508365982704514829e-01,1.559130230344375478e-01
1.174826572577919448e-01,1.892567064050636461e-01
1.155906225990950276e-01,1.905598903543949119e-01
-7.877222718024885495e-01,9.457679306075050807e-02
3.292081385556339113e-02,2.711304157839652951e-01
2.539825343722501572e-02,-7.175174725418105304e-01
-6.886609078440855125e-01,6.147116362324789307e-03
-1.753902498459691817e-02,3.114339368368489458e-01
1.117373893871721480e-01,1.928781018707543815e-01
8.455913732377384751e-02,2.221777636090735975e-01
1.605138726150156514e-01,1.460541712587938856e-01
1.385152025182372348e-01,1.677679910106579797e-01
1.859291933144464060e-01,1.207933022159627945e-01
6.402648646092745643e-02,-7.572548131693961349e-01
1.203402803009132604e-01,1.863855697548137957e-01
-1.832066227849233897e-01,5.344166502072467129e-02
9.090230531903592537e-02,1.997887134861321967e-01
1.173160226156054198e-01,1.884197614770762308e-01
2.232971557522216433e-01,-5.715264678884213190e-01
2.144560339861394382e-01,5.740985561571188001e-02
2.033656973195369089e-01,6.881479917112198752e-02
8.455844939236933921e-02,2.221783075460056489e-01
1.073029866780940145e-01,-7.221180484147755596e-01
-7.955256448107786427e-02,3.693495028010501668e-01
2.164535989723417320e-01,8.941323009633628249e-02
1.702402717433544321e-01,8.938366749265180822e-02
1.486772555265407081e-01,1.580757568432334392e-01
9.172231786348827853e-02,-1.760118096305143265e-01
1.202453415316932506e-01,1.864803663001931011e-01
-6.130137581345471709e-01,-8.015750264224175137e-02
9.462282446785730272e-02,2.121202422562756817e-01
9.946651392786737267e-02,2.011265028930095400e-01
1.237437092588977716e-01,1.828183002756518238e-01
-8.959368649195054157e-02,8.710602306174886067e-02
3.762058617972596775e-02,2.623238198003620125e-01
2.283719020855756732e-02,-6.523360241748309418e-01
-5.219570491915754840e-01,-1.712753031018612315e-01
1.048443502698063745e-01,2.016405114650525188e-01
2.074066233870405784e-01,9.919781317239678708e-02
-3.169875105961972306e-01,-3.046388271607962661e-01
1.621476946623484350e-01,-3.235652567746175601e-01
5.682123377363140770e-02,2.498384331251228274e-01
-1.810277691169520642e-02,3.238003012540111025e-01
1.771821794658758331e-01,1.134038613190196387e-01
2.383468578337001875e-01,5.859809184618819389e-02
-1.908561462112140783e-01,-5.023590384906920780e-01
-5.064552055832509669e-01,-1.634074312512953098e-01
3.221557938719341596e-01,-2.301154272669594381e-01
4.433453836564144046e-02,2.621530921611003317e-01
1.566066448350139639e-02,2.899768331268343657e-01
1.141086298355282747e-01,1.924666456163284245e-01
-2.711619670679939476e-01,-4.220169934845540705e-01
1.381844282907967458e-01,5.706940938089405391e-02
-6.637639527305482234e-01,-2.944249416007493902e-02
1.054315586681664474e-02,-7.037755081709541338e-01
3.904363032403346256e-02,-7.322759824542911522e-01
1.665540163628422277e-01,1.401892880076280323e-01
1.325035202785861399e-01,-4.490559965509682838e-01
1.373890654182761684e-01,1.574239743180078643e-01
-6.607365372052032004e-02,-6.271586617426777588e-01
2.011309701339186740e-01,1.055574229355223936e-01
-6.776528307932647710e-01,-1.523918348194941430e-02
3.749554975357996534e-01,-1.717627835323445873e-01
-6.257987456884200883e-02,-6.306522180084799256e-01
1.347261599422545086e-01,-6.922033724675955568e-01
2.366703496285719743e-01,6.966332613757114656e-02
1.837826878207358128e-01,1.229427739732812386e-01
8.553615189103130900e-02,-1.281868388293946892e-01
6.656378736577189814e-02,-2.493275509556772129e-01
8.799530526809729025e-02,2.187246738538837221e-01
1.209552446816744009e-01,1.834363310778418521e-01
7.981191060616577015e-02,2.179703146021463311e-01
-6.320848635193110354e-03,3.115795772739547997e-01
1.092020558877059844e-01,9.911520501167919717e-02
2.387672581094629765e-01,6.471811346105293961e-02
1.974135843091260889e-01,1.081772292123717727e-01
-9.323413598384400203e-03,-8.330833964303430150e-02
1.464542315079241375e-01,-6.714489831705237055e-01
2.168837202033492839e-01,8.969077593673874249e-02
8.418395578088383457e-02,-7.538732732844382056e-01
1.902039614755502428e-01,1.164908516922837367e-01
5.795452679628515513e-02,2.479277011748469151e-01
1.158089230267498881e-01,1.905713461907849182e-01
5.301980091045033205e-02,2.536573529469194899e-01
-2.093023969530856676e-01,-4.839299251685348913e-01
-9.801892556680014135e-02,-5.951447909070656239e-01
1.055602269675637861e-01,1.991621360702895971e-01
8.573503705993529289e-02,2.210011544652213389e-01
1.149463206826242812e-01,1.917751237751142424e-01
1.513306224478410122e-01,1.553476146512917655e-01
2.278900257900762227e-02,-7.158182605530127862e-01
-1.768203365424224349e-01,1.874750617494845562e-01
2.959153876052242338e-01,-9.840590295310869262e-03
-1.258899178499319205e-01,-5.672698169850722838e-01
1.010296403704132318e-01,2.057030399656772368e-01
4.900978821740958891e-02,2.554511386443047427e-01
5.192028518562707973e-02,2.520857687740218900e-01
2.188337024096659311e-01,7.751067947330236851e-02
1.234641172087268535e-01,1.832937153852300938e-01
6.552818797734866196e-02,2.392801765718907681e-01
2.343727922986332812e-02,-8.954389452950034523e-02
-4.598935635822387624e-02,-6.472429772365279055e-01
-2.018168027007296583e-01,-3.769460676413670663e-01
-4.134871073457223045e-01,-2.438418960324460483e-01
1.573854598814305450e-01,1.493539964870208014e-01
1.170107333362842006e-01,1.897465322645097707e-01
1.048478606593746254e-01,2.017956557466494272e-01
-1.008404965482612714e-01,-5.923890666869200405e-01
3.662435393203318790e-01,-1.291471495065085739e-01
-3.078508259094942523e-01,-3.841507658942561743e-01
1.027878775000673484e-01,1.981759814498726957e-01
1.278326987829783157e-01,1.789220700664408970e-01
-2.396000155705657886e-01,1.774401140135755395e-01
1.437440348427898584e-01,1.630079610762341646e-01
9.806513392760268788e-02,2.074244070688036623e-01
6.069823700221632645e-02,-7.539202543738757756e-01
1.001366681329534103e-01,2.062188461643246207e-01
1.245546575751569351e-01,1.821962268860045642e-01
3.426085024075897767e-02,2.249984435674877714e-01
7.710113222978065561e-02,-7.703334693463926852e-01
3.394451219272284215e-01,-1.304610198285707234e-01
1.065425262111351357e-01,2.000940441946450488e-01
1.253271799515193186e-01,1.603290301623855330e-01
-1.004591589916892236e-03,-6.723499212492638488e-01
1.033989865709355471e-01,1.960403377749412868e-01
1.296540940510599871e-01,1.770930124910460313e-01
1.092419353556493000e-01,1.975078777824218479e-01
-3.351609004119246449e-01,-3.580284887200678168e-01
1.788630693993848997e-01,1.278678673886101125e-01
1.192220425494522895e-01,1.874928676580908671e-01
-2.287915550441924628e-01,4.115827382950789648e-01
1.160300181636270134e-01,1.901082454203278926e-01
-3.466136520722211123e-01,-3.466187002319163768e-01
-2.790550931338637852e-01,1.382772590197294260e-01
4.687098676027112720e-02,-7.401033390644008447e-01
4.567406277647101387e-02,2.592749270903268455e-01
3.059938708930748374e-02,-7.196304006635729777e-01
3.106143622890816802e-01,-1.312541698487512676e-02
1.377128198625461875e-01,1.690370825453038628e-01
3.456978873040027489e-01,-6.735190128888968175e-02
1.123795014123113445e-02,2.944228836294676133e-01
-4.561162711446048457e-02,2.489491766733081257e-01
1.257358714914169617e-01,1.810091020694206687e-01
2.072552506836716768e-01,9.726988932921076803e-02
1.403326156565621874e-01,1.664212877328220541e-01
1.583405849645337926e-01,1.484076968948361830e-01
-1.854982918365438993e-01,-5.077319088389515844e-01
-4.458171059465171338e-02,-6.486506416979049838e-01
2.059582811787224466e-01,1.006898775535731150e-01
-1.822992967433582634e-01,1.459797230561651893e-01
-5.311589465053310199e-01,1.387782093260955252e-01
1.992248154695488993e-01,1.074632584744374397e-01
1.147679310748728754e-01,1.917462163259577301e-01
1.583679334546546080e-01,1.483785061461512234e-01
-7.930883744274254132e-01,9.996821510490427887e-02
1.247167009739019172e-01,1.784491496764067375e-01
1.162280426096026775e-01,1.894438587042390210e-01
1.855246432035315141e-01,1.211926173495771475e-01
4.885554010289272497e-02,-7.420877074686078601e-01
-5.314739858353290103e-02,3.463443506816071826e-01
-7.971957877657116498e-01,1.173333442972329665e-01
-6.698371938023155447e-01,-2.337585159024602177e-02
1.899769257318395521e-01,1.162155008361820396e-01
3.165119878636990514e-02,-7.243423284433118114e-01
4.332962588693001216e-02,2.631705953728028513e-01
5.585926663554380278e-02,-7.490916189396796820e-01
-1.209511167505067653e-01,2.683589071481794486e-01
8.580411083033728792e-03,-4.353234369659764180e-01
-8.599639510262824249e-02,-6.057421101466405888e-01
1.252497198092314967e-01,1.815089027147394063e-01
2.033134868462747602e-01,1.033696109097194671e-01
-4.536908787252244002e-01,-2.122779998782859945e-01
-3.376949368801341889e-01,-3.555374154240033002e-01
2.707873400678585396e-01,1.692109215872861228e-02
1.042332647714994120e-01,2.024343734411169216e-01
9.155805364300295679e-02,-6.708971609879880171e-01
9.306922753213248134e-02,2.136604843152168365e-01
6.439358058159849740e-02,-7.576258176605334960e-01
3.499915950366675466e-01,-1.615322027212061640e-01
-3.317445455483584715e-01,-3.614517399103852058e-01
-2.861831833587934470e-01,-3.753391334667877111e-01
4.450419154826568136e-02,2.098232966512730835e-01
-9.977537019172758037e-02,3.659089522942657879e-01
1.198155342817537328e-01,1.852726811495052361e-01
1.966093177680591775e-01,1.085877312626309377e-01
-6.517563597742046522e-01,-4.122810105595098307e-02
2.004156407158761422e-01,1.061871768687155937e-01
4.241517077641970834e-02,1.796285720214179649e-01
1.343040221109373933e-01,1.724450489782439755e-01
-1.550865213657367514e-01,-5.381458143250218429e-01
1.810572749292852501e-01,1.255878210496826908e-01
-6.423260773608104879e-01,-5.079081448750133454e-02
1.177020085914716185e-01,1.889413608648763399e-01
1.266046049211747571e-01,1.801533772642551767e-01
-3.397651678834828770e-02,6.910034068009662800e-03
2.040408584869793929e-01,1.026410016058394437e-01
6.813746920030894216e-02,2.372481033991206134e-01
-5.714797926931480809e-02,3.423088914101081182e-01
-1.890724294206661826e-01,3.487242500456890770e-01
1.397914452721535916e-01,1.669644754507302320e-01
8.936140405578357759e-02,2.173795846651702113e-01
3.613688647901452944e-02,2.697466013688564757e-01
1.039310379656632199e-01,2.025181424907944172e-01
1.342875843279950354e-02,-6.678942036220056888e-01
2.170261899891501312e-03,3.018920286611533332e-01
-2.981688690757233751e-02,-6.634154653516053379e-01
-3.661805023337056930e-01,-3.270518497055283635e-01
7.976576357042741705e-02,-1.051385645290454640e-01
1.091676899550160229e-01,1.973170712979203101e-01
-8.026053644989206148e-01,1.093730237430056151e-01
1.262626503396652167e-01,1.804910814997588986e-01
1.039754279140527871e-01,1.991925895158039861e-01
1.143498060183488763e-01,1.923905162806806013e-01
4.241023813641719986e-02,-7.338473807663444815e-01
1.957052496086365556e-01,1.108191953128031537e-01
1.257832618092998567e-01,-2.861242242244429468e-01
2.524693496347915622e-01,4.748512063412951845e-02
-4.296829100950021463e-01,-2.541708485290805619e-01
-1.079540736076983753e-02,3.552861784516397892e-02
1.357003421602867577e-01,1.710523431719979670e-01
9.041987888778346694e-02,2.160706639730826106e-01
7.152143672892635751e-02,-7.539801223791324780e-01
1.780443333423346597e-01,1.283556931548497926e-01
1.170894170781356936e-01,1.896378421831115269e-01
2.091108428208706682e-01,9.741925823473773782e-02
1.223722254684774247e-01,1.825378030468563506e-01
1.135619135280852565e-01,1.918546721125629628e-01
4.545735447774507110e-03,-5.457100105229091280e-01
1.162814637713760479e-01,1.904753873568924005e-01
2.407448049318095529e-01,6.403348201597719447e-02
-4.072188218417556738e-01,-2.829722506375692004e-01
1.051910026173979995e-01,2.007888447218340033e-01
1.110786244571060344e-01,1.955920731233705689e-01
7.056542383505831628e-02,2.352569852359787661e-01
1.158799886164774140e-01,1.894750829622058319e-01
3.539716397376646562e-02,2.240609882726942725e-01
-9.649306565634901967e-02,-3.836261112241043381e-01
2.065193371072456263e-01,9.716912464933685767e-02
8.642994043823687411e-02,2.203031029112136330e-01
-7.740172924705037705e-01,8.079046009335921763e-02
-9.122515544083253936e-02,3.740864239225785148e-01
1.165526630041128775e-01,1.894292928413982557e-01
-7.241978001082869376e-01,3.096575002311896530e-02
2.443167596604395309e-02,7.319491496076163672e-02
-6.779381065049466804e-02,-6.254113236083840288e-01
-8.285099368464721170e-02,-2.756602441534080628e-01
7.371562523015323665e-02,-6.544709285739269689e-01
2.332058239244555464e-02,-6.799615103089327039e-01
1.446788626554691426e-01,1.620759312474898683e-01
1.651641041042091751e-01,-4.987787670327452072e-01
7.524520685323926594e-02,-7.684400685377574813e-01
1.116473232298064167e-01,1.950972850200682895e-01
1.462764388753667322e-01,1.604568168247605953e-01
-1.354356882852791877e-02,-6.788991311872399903e-01
2.227581373132948017e-01,8.334124481201538037e-02
2.996083465419585590e-01,1.697822979018437373e-03
1.182240903767464157e-01,1.884263461455902844e-01
-1.741835383306639118e-02,2.945119828414753393e-01
6.753887940324476702e-02,2.324597905637452167e-01
1.098312549366542989e-01,1.968924220108445033e-01
-4.230890801753804942e-01,-2.360707990718700078e-01
1.018467251891100323e-01,2.046606292418787221e-01
6.603859852117405227e-02,-7.592709458823720947e-01
1.012054456072978836e-01,2.053785086392258541e-01
7.502446158187453529e-02,2.297741530616548844e-01
3.440427113648653057e-02,2.671820287316961084e-01
1.314638715467945085e-01,1.752849548814939817e-01
-2.426689471547092136e-01,-3.958604326191149658e-01
6.773193194700055653e-02,2.386886121883049494e-01
1.147052031801120142e-01,1.920510393489652801e-01
2.004657486926197940e-01,1.023105079113560967e-01
1.949723319569219848e-01,1.114207002029812266e-01
9.104560534729849719e-02,2.142644388709997183e-01
2.301326590865733213e-01,7.613744350730156096e-02
-7.931752202543465580e-02,3.545660161066629401e-01
-3.564524423764013905e-01,-3.367799099277360986e-01
-7.868869577132711068e-01,1.002262310099163445e-01
1.000473170121576882e-01,1.923459985200908773e-01
-7.170807790245545821e-01,2.385048133742673215e-02
-7.729995395123266944e-01,7.978304272634484384e-02
2.835712408189877687e-02,2.478938339904641075e-01
1.897012467582523398e-01,1.169866049950150644e-01
1.463015078411458725e-01,1.604528344880231105e-01
-9.215009875368501691e-02,-2.694746872975669061e-01
-6.021960526605361075e-01,-8.384211820471410004e-02
2.224933842348807422e-01,8.361716126543461414e-02
5.692497878777674769e-02,-7.501461310832502338e-01
7.593921877041978630e-02,-3.204165596198972343e-01
-2.471819582936030102e-02,3.294359140128971797e-01
-3.284860056371630144e-03,-4.025224906208256792e-01
-7.043294790184839727e-03,1.755908445002231089e-01
-5.360351763178633488e-02,3.491113951166107676e-01
1.248692394264361849e-01,1.818720840429555730e-01
-4.546426097794967203e-02,-5.453604015277664363e-01
8.689976822628964204e-02,2.191775657485830475e-01
1.273854151516145561e-01,1.793713735948676002e-01
1.279528718332051951e-01,1.788037028395636496e-01
2.518352440078223120e-01,-1.014939706428003019e-01
1.325343831717564202e-01,1.742112294859355370e-01
1.085528943649584632e-01,1.981891748559259647e-01
-1.207896625834682380e-01,2.227887154980313644e-01
-4.129977409004229605e-01,-2.788758800452696418e-01
-1.599876445491199561e-03,-6.916315383893492097e-01
1.654380228255492025e-02,2.849258607397324727e-01
2.925793765896161913e-02,2.756979414613692225e-01
1.784656150152419407e-02,-7.070333571656922667e-01
6.084438848952372636e-02,-7.540767178370242352e-01
2.244701446671661937e-01,8.206505868393709768e-02
1.245587700622975968e-01,1.821692348733707223e-01
1.561356486090670348e-02,2.786051560505961033e-01
5.327129606214120461e-03,4.806665997754028252e-02
3.090289673326640507e-03,-5.765347278791341790e-01
1.050453132851483784e-01,2.016487453488347570e-01
-5.633417536414481175e-02,-3.219213483043829593e-01
2.081963383318036209e-02,2.815135672534679334e-01
2.191193639794578596e-01,8.740431095784706450e-02
-3.929760077154953457e-02,3.411921322361327613e-01
1.507439481461103625e-01,-9.276291313601892075e-02
-1.143660566968265346e-01,-3.051067923409952476e-01
1.137566439389451900e-01,1.929936025669592436e-01
3.612041215548641993e-02,-4.599772642955101132e-01
5.796697820238189136e-02,-7.509854599024583521e-01
-7.886112515855416838e-01,1.194404328183943376e-01
2.114233781973412496e-01,9.446317868702558407e-02
1.237935578713046936e-01,1.828473749328720088e-01
2.176546428745573247e-01,8.848654495781499429e-02
-1.485458129309906450e-01,4.075633782092229485e-01
2.129117877367677769e-01,9.328327949615144998e-02
1.085757906194459443e-01,1.960075238755177307e-01
7.147035996795764179e-02,2.315747041818642660e-01
-1.916408932898018280e-01,-5.015914588560593801e-01
2.199741313419582012e-01,4.776318132063628319e-02
1.162953092875505523e-01,8.122603244658127553e-02
1.098698719801488588e-01,1.968802989690391358e-01
1.487816088971121165e-01,1.579711270543947554e-01
1.729836137483453662e-04,-6.934053335067427160e-01
3.458849971430694170e-02,-7.043150814827670025e-01
-8.102593418208564602e-02,3.762592639140313611e-01
1.346588260960532857e-01,1.720943665675177536e-01
-7.017053314655717910e-01,8.474354921090054837e-03
9.076901514086366252e-02,2.159706810344028671e-01
-3.624713231661134127e-01,3.782636216606098944e-01
1.877246139393378144e-01,1.184298479640562007e-01
-8.504192038061181291e-02,-6.081902412553652493e-01
-1.155125641018615035e-01,-5.776955968075291326e-01
-2.159853376964953331e-01,3.485314457915514863e-01
1.050653007892121127e-01,2.014559624818387795e-01
-2.206613321698452090e-01,-4.725705351781541719e-01
2.516119624321017101e-02,2.810917960778547831e-01
3.402706319835796522e-01,-7.371393555107164097e-02
9.458526979471537643e-02,2.115164639795928947e-01
5.276994759750469610e-02,-7.446028055210744956e-01
-5.918146442258312434e-02,-4.558348381860508614e-01
1.832169304261294651e-01,1.234823988312106491e-01
1.636994048139933100e-01,1.430458758184061652e-01
9.936056681058963447e-02,2.073829583645258601e-01
-1.138941486674648340e-01,-5.792922731366517697e-01
1.168541604465213601e-01,1.899020454794386192e-01
-1.369119556947122895e-01,-5.563203948046884229e-01
1.184203682981788130e-01,1.267176057537879874e-01
-7.522043820436683514e-01,5.900058677453856593e-02
2.237045591774905473e-02,-7.156028082218863773e-01
2.219557958315089286e-01,8.417649154863104943e-02
1.075437268010058234e-01,1.990896023114080982e-01
-4.845127951138680777e-02,-5.757377121431656031e-01
1.630435032418394714e-01,1.435788711095481451e-01
1.137576237523182932e-01,1.926889590921110895e-01
-6.457423084995095319e-02,-6.284738181898094078e-01
1.331203191257177565e-01,1.736229970782171561e-01
8.876384402736858803e-02,2.148242488218249369e-01
4.373147271237559641e-02,2.629367839336794188e-01
-7.693220892388621390e-01,1.042100801892977824e-01
3.472555368240787255e-02,-7.279577822294955869e-01
3.013359463503839653e-03,3.000306987660482094e-01
7.459084022615303233e-03,1.421781259868184488e-01
1.212656635957704010e-01,1.831459650707584208e-01
-4.305689722878793257e-01,-2.208748856126601656e-01
-6.487126521866154460e-02,-6.283579775580019344e-01
-1.114363858617860026e-01,-5.713498978290008079e-01
8.059032356292961108e-03,2.785436590792402245e-01
6.820047924011868323e-02,-7.614287845083438366e-01
2.676605926645169165e-01,-4.920863806718023259e-02
2.687321750235427964e-01,-8.583224223183694157e-04
1.219461025304507396e-01,1.847832586398310828e-01
2.001938158469344642e-01,1.064985102578310250e-01
1.222746118558319939e-01,1.844837985456888596e-01
9.063343178490512742e-02,2.156923253336020530e-01
8.302550145704901130e-02,2.233344393461187405e-01
7.300166214413150723e-02,1.974949114241937309e-01
1.012310344053566347e-01,2.045227999353870230e-01
-1.790519608084152892e-01,-5.124846408123229224e-01
1.060026998080146887e-01,2.007453769376679187e-01
2.203761726286851408e-02,-7.150223134541393577e-01
6.386392521754180596e-02,2.427927079060678839e-01
1.598676800341641835e-02,-7.086053820318918284e-01
4.520041464172397383e-02,2.614422562562799257e-01
7.973290101076252467e-02,2.211697237166183050e-01
2.587111943688032434e-01,4.732172062102230070e-02
-1.632791856462164071e-01,-5.281214826465234768e-01
-4.620356850671004656e-01,-2.311542883586525932e-01
-2.670789053358468834e-01,2.205433646724364039e-02
-7.615498586389999325e-01,6.865054520261504312e-02
7.321782625921097187e-02,2.268726877846964363e-01
1.138693397777031380e-01,1.927853057811872994e-01
7.086561594501344929e-02,-7.640979682111637139e-01
-1.685147370573847336e-03,2.811804383880345815e-01
6.320442708156387424e-02,-7.379649776024332919e-01
-4.238849776659808777e-02,-6.507932435474024224e-01
2.948244449860419336e-01,-2.617179039224520887e-02
1.165106400542651466e-01,1.892355594945879238e-01
1.138879174417234408e-02,-7.046211328759512948e-01
1.143378845052003268e-01,1.919074624424135234e-01
-7.473685230880479091e-01,6.992792792056168327e-02
3.179054624605220369e-01,-3.649830587211883026e-02
1.201517736803334180e-01,9.614908047398323943e-02
2.091120526252028822e-01,9.754662721246804002e-02
4.752461789126305458e-02,-5.492844698518221103e-01
2.067233494450944620e-01,9.992982294009750133e-02
2.093467044530769039e-01,-3.904487965996406018e-02
-6.453375690899805228e-01,1.875133332875466019e-01
1.106469112109725872e-01,1.946150626349439916e-01
8.988858076473343894e-02,1.344496702075557715e-01
1.026535561477823211e-01,1.737471460843140192e-01
-5.359202583499061978e-01,-9.548189461132716715e-02
-1.222127484294413535e-02,-5.861195454170254893e-01
1.226643272253955530e-01,1.840779938967759266e-01
-4.843445626459892961e-01,3.170215064647226577e-01
-2.871479161193580265e-01,-3.596326255192005550e-01
-1.592785579785863104e-01,-5.264627951675844297e-01
5.247718816009111498e-02,-7.457091374862061528e-01
1.848929612947127765e-01,-5.408804964294910977e-02
2.604286030527197537e-02,2.760878769043091929e-01
1.109550311330892436e-02,2.903576325237979261e-01
9.272198864414965547e-02,2.093821542959999893e-01
-1.928905954572723846e-02,3.233317454218309628e-01
1.928347410799033934e-01,1.138384331912979386e-01
8.789933145975592499e-03,-2.198324150442933500e-01
6.605303989154376332e-03,-6.923708444269054407e-01
8.218246980304205751e-02,2.238321403530735831e-01
5.420818711864100470e-02,2.524822205810957620e-01
1.170917676850344313e-01,1.883625693190746353e-01
7.449631467085665593e-02,-7.224297983394676326e-01
1.212204412251329799e-01,1.540935986137261793e-01
2.513231089614046954e-01,5.481761464482098889e-02
4.181216910919949292e-02,-2.728206344791295201e-02
9.743139909908021812e-02,2.021849122916239971e-01
-7.899376611521851110e-01,1.142102986747876026e-01
3.301867398353547367e-02,-7.262039860428213256e-01
-5.666023482789921406e-01,1.470293774536974851e-01
9.040852096531681870e-02,2.064419911830122079e-01
-5.428032851506056078e-01,-2.294793825027408030e-02
1.266686803452531929e-01,1.646032588664934626e-01
2.157504022339779559e-01,9.015788690308673692e-02
2.239062827942041589e-01,8.246106845510786654e-02
-2.002220610464666706e-02,3.099612306925000338e-01
1.459879583917189083e-01,1.530062988423298020e-01
2.304989211378539737e-01,7.551685923164042080e-02
-1.510137501455871556e-01,-5.422186003827728085e-01
4.911525572463709688e-02,2.575467092609486364e-01
1.125261745255670132e-01,1.941736967280086601e-01
-3.500697359249277385e-02,-6.582253023833601890e-01
4.255915394900255944e-02,2.576600733223923800e-01
-3.053607800919633242e-01,-3.645280345845972603e-01
1.388474075472425628e-01,1.679083192891729359e-01
8.018623054754359103e-02,-6.998801951410387190e-01
9.105112283605815149e-02,-2.080033756430623160e-01
1.029570176318429509e-01,2.033998283266246210e-01
-2.419607265330597778e-02,3.123593729137646435e-01
1.275389508754309342e-01,1.792181086715472493e-01
1.167756089403801378e-01,1.892864802516096012e-01
2.622611315658076592e-01,-2.031259091918036219e-04
6.059610992030095566e-02,2.342637685769759504e-01
-1.365581758947894964e-01,4.086923174422320004e-01
2.479663249433317063e-01,-1.692993751883342668e-02
1.143172171117095015e-01,1.923772846650975143e-01
-7.737453765445063691e-01,1.293732489721164391e-01
1.486441058167971008e-01,1.581088707102017432e-01
1.343943613094585321e-01,1.723604771072267394e-01
8.081327945492244869e-02,2.051005507834602337e-01
1.155996225584684511e-01,1.910271044311477873e-01
-1.211257261103987348e-02,-6.749331828715967596e-01
2.118340766665143815e-01,9.481475444320225376e-02
1.580731787478660832e-01,1.486736543505242647e-01
-9.927081815950561383e-02,1.117171663421454020e-01
-6.798844215835995186e-01,-1.334356427665128741e-02
8.066550729390042918e-02,2.246632827481660488e-01
2.178885344727353734e-01,8.541220715825903476e-02
-2.609579254336996668e-01,4.046278572263284357e-01
1.220022255945684697e-01,1.822451518456877362e-01
1.191549635856781197e-01,1.875378025183197517e-01
1.888687627485191589e-02,-6.174826609228758478e-01
1.491058860197284619e-01,1.576465711015078708e-01
-7.412847893338110339e-01,1.178836507226357355e-01
-4.038149284547316586e-01,-2.894174238457347670e-01
1.082108542662086337e-01,1.985357008676437718e-01
5.322424469075837106e-02,2.138580232458203723e-01
1.883598547283898972e-02,2.855953284960816019e-02
2.941094614769905191e-01,9.723394440482813206e-03
1.205384913500739952e-01,1.862190780527671619e-01
4.173862022686314344e-02,-7.284996269167546279e-01
3.886207196138746767e-02,-7.320881552970847084e-01
1.971764128335530830e-01,1.095104863819000296e-01
-5.976593164602039820e-02,3.591585419676203150e-01
1.867765346078292810e-02,-1.803564435399300225e-01
1.032420537419132534e-01,2.027408896334411126e-01
2.815332904058392982e-02,-6.784301240978265479e-01
-1.093884309952375400e-02,-6.772786475789276395e-01
1.761448128236897670e-01,1.305864934636161712e-01
7.777634910941488844e-02,-7.520702325781353226e-01
9.759907919299509738e-02,2.091109845300152537e-01
-1.589901477487596082e-01,2.524234671398061236e-01
1.120861225743671752e-01,1.946144192704550302e-01
6.734476719013604562e-02,-7.605769319548845164e-01
-6.687049619015228430e-03,-6.849298745391959597e-01
1.243745265814684697e-01,1.823727754188573802e-01
-2.586022582476256715e-01,-4.346253998867150581e-01
1.113249247378906848e-01,1.950723538786166555e-01
1.860582565279259026e-01,1.206437546892557555e-01
1.642424378340545665e-02,2.899279538561181369e-01
1.383575624542975335e-01,5.421075547540210593e-02
1.224077368721512848e-01,1.843130100357154855e-01
1.178283158102915729e-01,1.889297992753056765e-01
1.441066605991954686e-01,1.626450792314307336e-01
2.920511920275337125e-02,-6.611073512014720155e-01
1.173013259505126249e-01,1.894403863152521184e-01
-1.159251827009218361e-01,-3.563609501770696464e-01
2.033177061981122913e-02,-7.135640713069106855e-01
-4.351425678253286744e-01,-2.578337280252489538e-01
1.304499801276617910e-01,1.763031201560030792e-01
2.967645323682582825e-02,2.667392501529843307e-01
3.744796415710893167e-01,-2.274645125071850793e-01
1.122799443249140050e-01,1.940649318281016389e-01
-4.022853984950675033e-02,-5.671527787061350079e-01
1.947359429741482573e-01,1.119558907048471830e-01
7.655269272980397277e-02,2.299631356505492108e-01
1.746176470446060280e-01,1.321192588732069684e-01
-6.678100387378888003e-01,-2.534722814346557218e-02
-6.267838179968709955e-01,-6.644776042860534027e-02
9.243307474758927222e-02,2.136992781869475055e-01
3.051953950698532148e-01,-7.394080159372223848e-02
1.582308205947906554e-01,1.484925786650502788e-01
1.072550959500223056e-01,1.993224852958472293e-01
2.268006988576010130e-02,2.765626164637485784e-01
-6.831070723449048643e-01,1.580255759924751313e-01
2.138397734880138068e-01,9.250106996634649414e-02
-7.809008070051687289e-02,8.281835747608695675e-02
1.942429801961566560e-01,1.124554133334160766e-01
1.190758775810532022e-01,1.875471637575439887e-01
1.324321470408066359e-01,1.667061216468721518e-01
1.275256217715593499e-01,-5.691645561867519909e-03
3.640194226232515984e-01,-1.332068433295943155e-01
5.628123434152509930e-02,-7.491882717247365653e-01
7.547721371449411798e-02,-7.687083968604764284e-01
4.110309547380608386e-02,2.591434019031861880e-01
6.220437783840110368e-02,2.444731368383700754e-01
-7.252155935684533317e-01,3.390378183197872985e-02
9.700895270768028489e-02,1.972198653940462343e-01
8.589778458392077765e-02,2.185285618220314530e-01
1.155020343445085085e-01,-3.868824173111826137e-01
1.220282775080142046e-01,1.847019079805576891e-01
1.558409722541100884e-01,1.509035892755276054e-01
1.907068121902238955e-02,-7.123028449722190736e-01
1.263894588693610377e-01,1.803545651162185015e-01
5.608488591392524203e-02,7.261290719947288697e-02
6.096456145576173435e-02,1.852026367329783763e-01
-1.287375282752623584e-01,-2.061365607507049114e-01
6.737705830352852532e-02,2.384346882413783120e-01
-3.234004775173200952e-01,-1.319162733563127854e-01
1.344043354422148340e-01,-4.513821953905807760e-01
-5.188909675116308851e-01,-1.739731665591103260e-01
1.810883965625552650e-01,1.256126945483908575e-01
1.253421455591352540e-01,1.509945146915895320e-01
1.437114421920814289e-01,-6.728004155828302135e-01
5.796980468122492347e-02,2.463738892164010208e-01
1.262728322421878824e-01,1.804816540996849739e-01
-3.425935653525630231e-02,-6.589728586364183016e-01
1.185929337177237808e-01,-6.243704894878201461e-01
8.238711795601594279e-02,1.587218557197992430e-01
-1.200986613830995475e-02,3.178362067841594141e-01
1.946408505319189297e-01,1.096345761113102224e-01
-1.522821301384860160e-01,-1.366247857875324545e-01
1.009871890286331841e-01,2.057591704689080703e-01
5.666733112259636496e-02,2.500306830076377551e-01
